title,url
Nov. 19: Military airstrikes continue against ISIL terrorists in Syria and Iraq,http://www.centcom.mil/en/news/articles/nov.-19-military-airstrikes-continue-against-isil-terrorists-in-syria-and-i
Nov. 18: Military airstrikes continue against ISIL terrorists in Syria and Iraq,http://www.centcom.mil/en/news/articles/nov.-18-military-airstrikes-continue-against-isil-terrorists-in-syria-and-i
Nov. 17: Military airstrikes continue against ISIL terrorists in Syria and Iraq,http://www.centcom.mil/en/news/articles/nov.-17-military-airstrikes-continue-against-isil-terrorists-in-syria-and-i
Nov. 16: Military airstrikes continue against ISIL terrorists in Syria and Iraq,http://www.centcom.mil/en/news/articles/nov.-16-military-airstrikes-continue-against-isil-terrorists-in-syria-and-i
Nov. 15: Military airstrikes continue against ISIL terrorists in Syria and Iraq,http://www.centcom.mil/en/news/articles/nov.-15-military-airstrikes-continue-against-isil-terrorists-in-syria-and-i
Nov. 14: Military airstrikes continue against ISIL terrorists in Syria and Iraq,http://www.centcom.mil/en/news/articles/nov.-14-military-airstrikes-continue-against-isil-terrorists-in-syria-and-i
Nov. 13: Military airstrikes continue against ISIL terrorists in Syria and Iraq,http://www.centcom.mil/en/news/articles/nov.-13-military-airstrikes-continue-against-isil-terrorists-in-syria-and-i
Nov. 12: Military airstrikes continue against ISIL terrorists in Syria and Iraq,http://www.centcom.mil/en/news/articles/nov.-12-military-airstrikes-continue-against-isil-terrorists-in-syria-and-i
Nov. 11: Military airstrikes continue against ISIL terrorists in Syria and Iraq,http://www.centcom.mil/en/news/articles/nov.-11-military-airstrikes-continue-against-isil-terrorists-in-syria-and-i
Nov 10: Military Strikes Continue Against ISIL Terrorists in Syria and Iraq,http://www.centcom.mil/en/news/articles/nov-10-military-strikes-continue-against-isil-terrorists-in-syria-and-iraq
Nov. 9: Military airstrikes continue against ISIL terrorists in Syria and Iraq,http://www.centcom.mil/en/news/articles/nov.-9-military-airstrikes-continue-against-isil-terrorists-in-syria-and-ir
Nov. 8: Military airstrikes continue against ISIL terrorists in Syria and Iraq,http://www.centcom.mil/en/news/articles/nov.-8-military-airstrikes-continue-against-isil-terrorists-in-syria-and-ir
Nov. 7: Military airstrikes continue against ISIL terrorists in Syria and Iraq,http://www.centcom.mil/en/news/articles/nov.-7-military-airstrikes-continue-against-isil-terrorists-in-syria-and-ir
Nov. 6: Military airstrikes continue against ISIL terrorists in Syria and Iraq,http://www.centcom.mil/en/news/articles/nov.-6-military-airstrikes-continue-against-isil-terrorists-in-syria-and-ir
Nov. 5: Military airstrikes continue against ISIL terrorists in Syria and Iraq,http://www.centcom.mil/en/news/articles/nov.-5-military-airstrikes-continue-against-isil-terrorists-in-syria-and-ir
Nov. 4: Military airstrikes continue against ISIL terrorists in Syria and Iraq,http://www.centcom.mil/en/news/articles/nov.-4-military-airstrikes-continue-against-isil-terrorists-in-syria-and-ir
Nov. 3: Military airstrikes continue against ISIL terrorists in Syria and Iraq,http://www.centcom.mil/en/news/articles/nov.-3-military-airstrikes-continue-against-isil-terrorists-in-syria-and-ir
Nov. 2: Military airstrikes continue against ISIL terrorists in Syria and Iraq,http://www.centcom.mil/en/news/articles/nov.-2-military-airstrikes-continue-against-isil-terrorists-in-syria-and-ir
Nov. 1: Military airstrikes continue against ISIL terrorists in Syria and Iraq,http://www.centcom.mil/en/news/articles/nov.-1-military-airstrikes-continue-against-isil-terrorists-in-syria-and-ir
Oct. 31: Military airstrikes continue against ISIL terrorists in Syria and Iraq,http://www.centcom.mil/en/news/articles/oct.-31-military-airstrikes-continue-against-isil-terrorists-in-syria-and-i
Oct. 30: Military airstrikes continue against ISIL terrorists in Syria and Iraq,http://www.centcom.mil/en/news/articles/oct.-30-military-airstrikes-continue-against-isil-terrorists-in-syria-and-i
Oct. 29: Military airstrikes continue against ISIL terrorists in Syria and Iraq,http://www.centcom.mil/en/news/articles/oct.-29-military-airstrikes-continue-against-isil-terrorists-in-syria-and-i
Oct. 28: Military airstrikes continue against ISIL terrorists in Syria and Iraq,http://www.centcom.mil/en/news/articles/oct.-28-military-airstrikes-continue-against-isil-terrorists-in-syria-and-i
Oct. 27: Military airstrikes continue against ISIL terrorists in Syria and Iraq,http://www.centcom.mil/en/news/articles/oct.-27-military-airstrikes-continue-against-isil-terrorists-in-syria-and-i
Oct. 26: Military airstrikes continue against ISIL terrorists in Syria and Iraq,http://www.centcom.mil/en/news/articles/oct.-26-airstrike-video-coalition-destroys-isil-prison-after-hostage-rescue
Oct. 25: Military airstrikes continue against ISIL terrorists in Syria and Iraq,http://www.centcom.mil/en/news/articles/oct.-25-military-airstrikes-continue-against-isil-terrorists-in-syria-and-i
Oct. 24: Military airstrikes continue against ISIL terrorists in Syria and Iraq,http://www.centcom.mil/en/news/articles/oct.-24-military-airstrikes-continue-against-isil-terrorists-in-syria-and-i
Oct. 23: Military airstrikes continue against ISIL terrorists in Syria and Iraq,http://www.centcom.mil/en/news/articles/oct.-23-military-airstrikes-continue-against-isil-terrorists-in-syria-and-i
Oct. 22: Military airstrikes continue against ISIL terrorists in Syria and Iraq,http://www.centcom.mil/en/news/articles/oct.-22-military-airstrikes-continue-against-isil-terrorists-in-syria-and-i
Oct. 21: Military airstrikes continue against ISIL terrorists in Syria and Iraq,http://www.centcom.mil/en/news/articles/oct.-21-military-airstrikes-continue-against-isil-terrorists-in-syria-and-i
Oct. 20: Military airstrikes continue against ISIL terrorists in Syria and Iraq,http://www.centcom.mil/en/news/articles/oct.-20-military-airstrikes-continue-against-isil-terrorists-in-syria-and-i
Oct. 19: Military airstrikes continue against ISIL terrorists in Syria and Iraq,http://www.centcom.mil/en/news/articles/oct.-19-military-airstrikes-continue-against-isil-terrorists-in-syria-and-i
Oct. 18: Military airstrikes continue against ISIL terrorists in Syria and Iraq,http://www.centcom.mil/en/news/articles/oct.-18-military-airstrikes-continue-against-isil-terrorists-in-syria-and-i
Oct. 17: Military airstrikes continue against ISIL terrorists in Syria and Iraq,http://www.centcom.mil/en/news/articles/oct.-17-military-airstrikes-continue-against-isil-terrorists-in-syria-and-i
Oct. 16: Military airstrikes continue against ISIL terrorists in Syria and Iraq,http://www.centcom.mil/en/news/articles/oct.-16-military-airstrikes-continue-against-isil-terrorists-in-syria-and-i
Oct. 15: Military airstrikes continue against ISIL terrorists in Syria and Iraq,http://www.centcom.mil/en/news/articles/oct.-15-military-airstrikes-continue-against-isil-terrorists-in-syria-and-i
Oct. 14: Military airstrikes continue against ISIL terrorists in Syria and Iraq,http://www.centcom.mil/en/news/articles/oct.-14-military-airstrikes-continue-against-isil-terrorists-in-syria-and-i
Oct. 12: Military airstrikes continue against ISIL terrorists in Syria and Iraq,http://www.centcom.mil/en/news/articles/oct.-12-military-airstrikes-continue-against-isil-terrorists-in-syria-and-i
Oct. 11: Military airstrikes continue against ISIL terrorists in Syria and Iraq,http://www.centcom.mil/en/news/articles/oct.-11-military-airstrikes-continue-against-isil-terrorists-in-syria-and-i
Oct. 10: Military airstrikes continue against ISIL terrorists in Syria and Iraq,http://www.centcom.mil/en/news/articles/oct.-10-military-airstrikes-continue-against-isil-terrorists-in-syria-and-i
Oct. 9: Military airstrikes continue against ISIL terrorists in Syria and Iraq,http://www.centcom.mil/en/news/articles/oct.-9-military-airstrikes-continue-against-isil-terrorists-in-syria-and-ir
Oct. 8: Military airstrikes continue against ISIL terrorists in Syria and Iraq,http://www.centcom.mil/en/news/articles/oct.-8-military-airstrikes-continue-against-isil-terrorists-in-syria-and-ir
Oct. 7: Military airstrikes continue against ISIL terrorists in Syria and Iraq,http://www.centcom.mil/en/news/articles/oct.-7-military-airstrikes-continue-against-isil-terrorists-in-syria-and-ir
Oct. 6: Military airstrikes continue against ISIL terrorists in Syria and Iraq,http://www.centcom.mil/en/news/articles/oct.-6-military-airstrikes-continue-against-isil-terrorists-in-syria-and-ir
Oct. 5: Military airstrikes continue against ISIL terrorists in Syria and Iraq,http://www.centcom.mil/en/news/articles/oct.-5-military-airstrikes-continue-against-isil-terrorists-in-syria-and-ir
Oct. 4: Military airstrikes continue against ISIL terrorists in Syria and Iraq,http://www.centcom.mil/en/news/articles/oct.-4-military-airstrikes-continue-against-isil-terrorists-in-syria-and-ir
Oct. 3: Military airstrikes continue against ISIL terrorists in Syria and Iraq,http://www.centcom.mil/en/news/articles/oct.-3-military-airstrikes-continue-against-isil-terrorists-in-syria-and-ir
Oct. 2: Military airstrikes continue against ISIL terrorists in Syria and Iraq,http://www.centcom.mil/en/news/articles/oct.-2-military-airstrikes-continue-against-isil-terrorists-in-syria-and-ir
Oct. 1: Military airstrikes continue against ISIL terrorists in Syria and Iraq,http://www.centcom.mil/en/news/articles/oct.-1-military-airstrikes-continue-against-isil-terrorists-in-syria-and-ir
Sept. 30: Military airstrikes continue against ISIL terrorists in Syria and Iraq,http://www.centcom.mil/en/news/articles/sept.-30-military-airstrikes-continue-against-isil-terrorists-in-syria-and
Sept. 29: Military airstrikes continue against ISIL terrorists in Syria and Iraq,http://www.centcom.mil/en/news/articles/sept.-29-military-airstrikes-continue-against-isil-terrorists-in-syria-and
Sept. 28: Military airstrikes continue against ISIL terrorists in Syria and Iraq,http://www.centcom.mil/en/news/articles/sept.-28-military-airstrikes-continue-against-isil-terrorists-in-syria-and
Sept. 27: Military airstrikes continue against ISIL terrorists in Syria and Iraq,http://www.centcom.mil/en/news/articles/sept.-27-military-airstrikes-continue-against-isil-terrorists-in-syria-and
Sept. 26: Military airstrikes continue against ISIL terrorists in Syria and Iraq,http://www.centcom.mil/en/news/articles/sept.-26-military-airstrikes-continue-against-isil-terrorists-in-syria-and
Sept. 25: Military airstrikes continue against ISIL terrorists in Syria and Iraq,http://www.centcom.mil/en/news/articles/sept.-25-military-airstrikes-continue-against-isil-terrorists-in-syria-and
"Sept. 24: Military airstrikes continue against ISIL terrorists in Syria, Iraq",http://www.centcom.mil/en/news/articles/sept.-24-military-airstrikes-continue-against-isil-terrorists-in-syria-iraq
"Sept. 18: Military airstrikes continue against ISIL terrorists in Syria, Iraq",http://www.centcom.mil/en/news/articles/sept.-18-military-airstrikes-continue-against-isil-terrorists-in-syria-iraq
Sept. 17: Military airstrikes continue against ISIL terrorists in Syria and Iraq,http://www.centcom.mil/en/news/articles/sept.-17-military-airstrikes-continue-against-isil-terrorists-in-syria-and
Sept. 16: Military Airstrikes Continue Against ISIL Terrorists in Syria and Iraq,http://www.centcom.mil/en/news/articles/sept.-16-military-airstrikes-continue-against-isil-terrorists-in-syria-and
Sept. 15: Military airstrikes continue against ISIL terrorists in Syria and Iraq,http://www.centcom.mil/en/news/articles/sept.-15-military-airstrikes-continue-against-isil-terrorists-in-syria-and
Sept. 13: Military airstrikes continue against ISIL terrorists in Syria and Iraq,http://www.centcom.mil/en/news/articles/sept.-13-military-airstrikes-continue-against-isil-terrorists-in-syria-and
Sept. 12: Military airstrikes continue against ISIL terrorists in Syria and Iraq,http://www.centcom.mil/en/news/articles/sept.-12-military-airstrikes-continue-against-isil-terrorists-in-syria-and
Sept. 11: Military airstrikes continue against ISIL terrorists in Syria and Iraq,http://www.centcom.mil/en/news/articles/sept.-11-military-airstrikes-continue-against-isil-terrorists-in-syria-and
Sept. 10: Military airstrikes continue against ISIL terrorists in Syria and Iraq,http://www.centcom.mil/en/news/articles/sept.-10-military-airstrikes-continue-against-isil-terrorists-in-syria-and
Sept. 9: Military airstrikes continue against ISIL terrorists in Syria and Iraq,http://www.centcom.mil/en/news/articles/sept.-9-military-airstrikes-continue-against-isil-terrorists-in-syria-and-i
Sept. 8: Military airstrikes continue against ISIL terrorists in Syria and Iraq,http://www.centcom.mil/en/news/articles/sept.-8-military-airstrikes-continue-against-isil-terrorists-in-syria-and-i
Sept. 7: Military airstrikes continue against ISIL terrorists in Syria and Iraq,http://www.centcom.mil/en/news/articles/sept.-7-military-airstrikes-continue-against-isil-terrorists-in-syria-and-i
Sept. 6: Military airstrikes continue against ISIL terrorists in Syria and Iraq,http://www.centcom.mil/en/news/articles/sept.-6-military-airstrikes-continue-against-isil-terrorists-in-syria-and-i
Sept. 5: Military airstrikes continue against ISIL terrorists in Syria and Iraq,http://www.centcom.mil/en/news/articles/sept.-5-military-airstrikes-continue-against-isil-terrorists-in-syria-and-i
Sept. 4: Military airstrikes continue against ISIL terrorists in Syria and Iraq,http://www.centcom.mil/en/news/articles/sept.-4-military-airstrikes-continue-against-isil-terrorists-in-syria-and-i
Sept. 3: Military airstrikes continue against ISIL terrorists in Syria and Iraq,http://www.centcom.mil/en/news/articles/sept.-3-military-airstrikes-continue-against-isil-terrorists-in-syria-and-i
Sept. 2: Military airstrikes continue against ISIL terrorists in Syria and Iraq,http://www.centcom.mil/en/news/articles/sept.-2-military-airstrikes-continue-against-isil-terrorists-in-syria-and-i
Sept. 1: Military airstrikes continue against ISIL terrorists in Syria and Iraq,http://www.centcom.mil/en/news/articles/sept.-1-military-airstrikes-continue-against-isil-terrorists-in-syria-and-i
Aug 31: Military airstrikes continue against ISIL terrorists in Syria and Iraq,http://www.centcom.mil/en/news/articles/aug-31-military-airstrikes-continue-against-isil-terrorists-in-syria-and-ir
Aug. 30: Military airstrikes continue against ISIL terrorists in Syria and Iraq,http://www.centcom.mil/en/news/articles/aug.-30-military-airstrikes-continue-against-isil-terrorists-in-syria-and-i
Aug. 29: Military airstrikes continue against ISIL terrorists in Syria and Iraq,http://www.centcom.mil/en/news/articles/aug.-29-military-airstrikes-continue-against-isil-terrorists-in-syria-and-i
Aug. 26: Military airstrikes continue against ISIL terrorists in Syria and Iraq,http://www.centcom.mil/en/news/articles/aug.-26-military-airstrikes-continue-against-isil-terrorists-in-syria-and-i
Aug. 27: Military airstrikes continue against ISIL terrorists in Syria and Iraq,http://www.centcom.mil/en/news/articles/aug.-27-military-airstrikes-continue-against-isil-terrorists-in-syria-and-i
Aug. 25: Military airstrikes continue against ISIL terrorists in Syria and Iraq,http://www.centcom.mil/en/news/articles/aug.-25-military-airstrikes-continue-against-isil-terrorists-in-syria-and-i
Aug. 24: Military airstrikes continue against ISIL terrorists in Syria and Iraq,http://www.centcom.mil/en/news/articles/aug.-24-military-airstrikes-continue-against-isil-terrorists-in-syria-and-i
Aug. 23: Military airstrikes continue against ISIL terrorists in Syria and Iraq,http://www.centcom.mil/en/news/articles/aug.-23-military-airstrikes-continue-against-isil-terrorists-in-syria-and-i
Aug. 22: Military airstrikes continue against ISIL terrorists in Syria and Iraq,http://www.centcom.mil/en/news/articles/aug.-22-military-airstrikes-continue-against-isil-terrorists-in-syria-and-i
Aug. 21: Military airstrikes continue against ISIL terrorists in Syria and Iraq,http://www.centcom.mil/en/news/articles/aug.-21-military-airstrikes-continue-against-isil-terrorists-in-syria-and-i
Aug. 20: Military airstrikes continue against ISIL terrorists in Syria and Iraq,http://www.centcom.mil/en/news/articles/aug.-20-military-airstrikes-continue-against-isil-terrorists-in-syria-and-i
Aug. 19: Military airstrikes continue against ISIL terrorists in Syria and Iraq,http://www.centcom.mil/en/news/articles/aug.-19-military-airstrikes-continue-against-isil-terrorists-in-syria-and-i
Aug. 18: Military airstrikes continue against ISIL terrorists in Syria and Iraq,http://www.centcom.mil/en/news/articles/aug.-18-military-airstrikes-continue-against-isil-terrorists-in-syria-and-i
Aug. 17: Military airstrikes continue against ISIL terrorists in Syria and Iraq,http://www.centcom.mil/en/news/articles/aug.-17-military-airstrikes-continue-against-isil-terrorists-in-syria-and-i
Aug. 16: Military airstrikes continue against ISIL terrorists in Syria and Iraq,http://www.centcom.mil/en/news/articles/aug.-16-military-airstrikes-continue-against-isil-terrorists-in-syria-and-i
Aug 13: Military Airstrikes Continue Against ISIL Terrorists in Syria and Iraq,http://www.centcom.mil/en/news/articles/august-13-military-airstrikes-continue-against-isil-terrorists-in-syria-and
Aug. 12: Military Airstrikes Continue Against ISIL Terrorists in Syria and Iraq,http://www.centcom.mil/en/news/articles/aug.-12-military-airstrikes-continue-against-isil-terrorists-in-syria-and-i
Aug. 11: Military Airstrikes Continue Against ISIL Terrorists in Syria and Iraq,http://www.centcom.mil/en/news/articles/aug.-11-military-airstrikes-continue-against-isil-terrorists-in-syria-and-i
Aug. 12: Military Airstrikes Continue Against ISIL Terrorists in Syria and Iraq,http://www.centcom.mil/en/news/articles/aug.-12-military-airstrikes-continue-against-isil-terrorists-in-syria-and-i
Aug. 11: Military Airstrikes Continue Against ISIL Terrorists in Syria and Iraq,http://www.centcom.mil/en/news/articles/aug.-11-military-airstrikes-continue-against-isil-terrorists-in-syria-and-i
Aug. 10: Military Airstrikes Continue Against ISIL Terrorists in Syria and Iraq,http://www.centcom.mil/en/news/articles/aug.-10-military-airstrikes-continue-against-isil-terrorists-in-syria-and-i
Aug 9: Military Airstrikes Continue Against ISIL Terrorists in Syria and Iraq,http://www.centcom.mil/en/news/articles/aug-9-military-airstrikes-continue-against-isil-terrorists-in-syria-and-ira
Aug. 7: Military Airstrikes Continue Against ISIL Terrorists in Syria and Iraq,http://www.centcom.mil/en/news/articles/aug.-7-military-airstrikes-continue-against-isil-terrorists-in-syria-and-ir
Aug. 6: Military Airstrikes Continue Against ISIL Terrorists in Syria and Iraq,http://www.centcom.mil/en/news/articles/august-6-military-airstrikes-continue-against-isil-terrorists-in-syria-and
Aug. 5: Military Airstrikes Continue Against ISIL Terrorists in Syria and Iraq,http://www.centcom.mil/en/news/articles/aug.-5-military-airstrikes-continue-against-isil-terrorists-in-syria-and-ir
Aug. 4: Military Airstrikes Continue Against ISIL Terrorists in Syria and Iraq,http://www.centcom.mil/en/news/articles/military-airstrikes-continue-against-isil-terrorists-in-syria-and-iraq4
Aug. 3: Military Airstrikes Continue Against ISIL Terrorists in Syria and Iraq,http://www.centcom.mil/en/news/articles/august-3-military-airstrikes-continue-against-isil-terrorists-in-syria-and
July 31: Military Airstrikes Continue Against ISIL Terrorists in Syria and Iraq,http://www.centcom.mil/en/news/articles/military-airstrikes-continue-against-isil-terrorists-in-syria-and-iraq3
July 30: Military Airstrikes Continue Against ISIL Terrorists in Syria and Iraq,http://www.centcom.mil/en/news/articles/military-airstrikes-continue-against-isil-terrorists-in-syria-and-iraq2
July 29: Military Airstrikes Continue Against ISIL Terrorists in Syria and Iraq,http://www.centcom.mil/en/news/articles/military-airstrikes-continue-against-isil-terrorists-in-syria-and-iraq1
July 28: Military Airstrikes Continue Against ISIL Terrorists in Syria and Iraq,http://www.centcom.mil/en/news/articles/military-airstrikes-continue-against-isil-terrorists-in-syria-and-iraq
July 27: Military Airstrikes Continue Against ISIL Terrorists in Syria and Iraq,http://www.centcom.mil/en/news/articles/july-27-military-airstrikes-continue-against-isil-terrorists-in-syria-and-i
July 26: Military Airstrikes Continue Against ISIL Terrorists in Syria and Iraq,http://www.centcom.mil/en/news/articles/july-26-military-airstrikes-continue-against-isil-terrorists-in-syria-and-i
July 20: Military Airstrikes Continue Against ISIL Terrorists in Syria and Iraq,http://www.centcom.mil/en/news/articles/july-20-military-airstrikes-continue-against-isil-terrorists-in-syria-and-i
July 19: Military Airstrikes Continue Against ISIL Terrorists in Syria and Iraq,http://www.centcom.mil/en/news/articles/july-19-military-airstrikes-continue-against-isil-terrorists-in-syria-and-i
July 18: Military Airstrikes Continue Against ISIL Terrorists in Syria and Iraq,http://www.centcom.mil/en/news/articles/july-18-military-airstrikes-continue-against-isil-terrorists-in-syria-and-i
July 17: Military Airstrikes Continue Against ISIL Terrorists in Syria and Iraq,http://www.centcom.mil/en/news/articles/july-17-military-airstrikes-continue-against-isil-terrorists-in-syria-and-i
July 16: Military Airstrikes Continue Against ISIL Terrorists in Syria and Iraq,http://www.centcom.mil/en/news/articles/july-16-military-airstrikes-continue-against-isil-terrorists-in-syria-and-i
July 15: Military Airstrikes Continue Against ISIL Terrorists in Syria and Iraq,http://www.centcom.mil/en/news/articles/july-15-military-airstrikes-continue-against-isil-terrorists-in-syria-and-i
July 14: Military Airstrikes Continue Against ISIL Terrorists in Syria and Iraq,http://www.centcom.mil/en/news/articles/july-14-military-airstrikes-continue-against-isil-terrorists-in-syria-and-i
July 13: Military Airstrikes Continue Against ISIL Terrorists in Syria and Iraq,http://www.centcom.mil/en/news/articles/july-13-military-airstrikes-continue-against-isil-terrorists-in-syria-and-i
July 12: Military Airstrikes Continue Against ISIL Terrorists in Syria and Iraq,http://www.centcom.mil/en/news/articles/july-12-military-airstrikes-continue-against-isil-terrorists-in-syria-and-i
July 11: Military Airstrikes Continue Against ISIL Terrorists in Syria and Iraq,http://www.centcom.mil/en/news/articles/july-11-military-airstrikes-continue-against-isil-terrorists-in-syria-and-i
July 10: Military Airstrikes Continue Against ISIL Terrorists in Syria and Iraq,http://www.centcom.mil/en/news/articles/july-10-military-airstrikes-continue-against-isil-terrorists-in-syria-and-i
July 9: Military Airstrikes Continue Against ISIL Terrorists in Syria and Iraq,http://www.centcom.mil/en/news/articles/july-9-military-airstrikes-continue-against-isil-terrorists-in-syria-and-ir
July 8: Military Airstrikes Continue Against ISIL Terrorists in Syria and Iraq,http://www.centcom.mil/en/news/articles/july-8-military-airstrikes-continue-against-isil-terrorists-in-syria-and-ir
July 7: Military Airstrikes Continue Against ISIL Terrorists in Syria and Iraq,http://www.centcom.mil/en/news/articles/july-7-military-airstrikes-continue-against-isil-terrorists-in-syria-and-ir
July 6: Military Airstrikes Continue Against ISIL Terrorists in Syria and Iraq,http://www.centcom.mil/en/news/articles/july-6-military-airstrikes-continue-against-isil-terrorists-in-syria-and-ir
July 5: Military Airstrikes Continue Against ISIL Terrorists in Syria and Iraq,http://www.centcom.mil/en/news/articles/july-5-military-airstrikes-continue-against-isil-terrorists-in-syria-and-ir
July 4: Military Airstrikes Continue Against ISIL Terrorists in Syria and Iraq,http://www.centcom.mil/en/news/articles/july-4-military-airstrikes-continue-against-isil-terrorists-in-syria-and-ir
July 3: Military Airstrikes Continue Against ISIL Terrorists in Syria and Iraq,http://www.centcom.mil/en/news/articles/july-3-military-airstrikes-continue-against-isil-terrorists-in-syria-and-ir
July 2: Military Airstrikes Continue Against ISIL Terrorists in Syria and Iraq,http://www.centcom.mil/en/news/articles/july-2-military-airstrikes-continue-against-isil-terrorists-in-syria-and-ir
July 1: Military Airstrikes Continue Against ISIL Terrorists in Syria and Iraq,http://www.centcom.mil/en/news/articles/july-1-military-airstrikes-continue-against-isil-terrorists-in-syria-and-ir
June 30: Military Airstrikes Continue Against ISIL Terrorists in Syria and Iraq,http://www.centcom.mil/en/news/articles/june-30-military-airstrikes-continue-against-isil-terrorists-in-syria-and-i
June 29: Military Airstrikes Continue Against ISIL Terrorists in Syria and Iraq,http://www.centcom.mil/en/news/articles/june-29-military-airstrikes-continue-against-isil-terrorists-in-syria-and-i
June 28: Military Airstrikes Continue Against ISIL Terrorists in Syria and Iraq,http://www.centcom.mil/en/news/articles/june-28-military-airstrikes-continue-against-isil-terrorists-in-syria-and-i
June 27: Military Airstrikes Continue Against ISIL Terrorists in Syria and Iraq,http://www.centcom.mil/en/news/articles/june-27-inherent-resolve-airstrikes-continue-in-syria-iraq
June 26: Military Airstrikes Continue Against ISIL Terrorists in Syria and Iraq,http://www.centcom.mil/en/news/articles/june-26-military-airstrikes-continue-against-isil-terrorists-in-syria-and-i
June 25: Military Airstrikes Continue Against ISIL Terrorists in Syria and Iraq,http://www.centcom.mil/en/news/articles/june-25-military-airstrikes-continue-against-isil-terrorists-in-syria-and-i
June 24: Military Airstrikes Continue Against ISIL Terrorists in Syria and Iraq,http://www.centcom.mil/en/news/articles/june-24-military-airstrikes-continue-against-isil-terrorists-in-syria-and-i
June 23: Military Airstrikes Continue Against ISIL Terrorists in Syria and Iraq,http://www.centcom.mil/en/news/articles/june-23-military-airstrikes-continue-against-isil-terrorists-in-syria-and-i
June 22: Military Airstrikes Continue Against ISIL Terrorists in Syria and Iraq,http://www.centcom.mil/en/news/articles/june-22-military-airstrikes-continue-against-isil-terrorists-in-syria-and-i
June 21: Military Airstrikes Continue Against ISIL Terrorists in Syria and Iraq,http://www.centcom.mil/en/news/articles/june-21-military-airstrikes-continue-against-isil-terrorists-in-syria-and-i
June 20: Military Airstrikes Continue Against ISIL Terrorists in Syria and Iraq,http://www.centcom.mil/en/news/articles/june-20-military-airstrikes-continue-against-isil-terrorists-in-syria-and-i
June 19: Military Airstrikes Continue Against ISIL Terrorists in Syria and Iraq,http://www.centcom.mil/en/news/articles/june-19-military-airstrikes-continue-against-isil-terrorists-in-syria-and-i
June 18: Military Airstrikes Continue Against ISIL Terrorists in Syria and Iraq,http://www.centcom.mil/en/news/articles/june-18-military-airstrikes-continue-against-isil-terrorists-in-syria-and-i
June 17: Military Airstrikes Continue Against ISIL Terrorists in Syria and Iraq,http://www.centcom.mil/en/news/articles/june-17-military-airstrikes-continue-against-isil-terrorists-in-syria-and-i
June 16: Military Airstrikes Continue Against ISIL Terrorists in Syria and Iraq,http://www.centcom.mil/en/news/articles/june-16-military-airstrikes-continue-against-isil-terrorists-in-syria-and-i
June 15: Military Airstrikes Continue Against ISIL Terrorists in Syria and Iraq,http://www.centcom.mil/en/news/articles/june-15-military-airstrikes-continue-against-isil-terrorists-in-syria-and-i
June 14: Military Airstrikes Continue Against ISIL Terrorists in Syria and Iraq,http://www.centcom.mil/en/news/articles/june-14-military-airstrikes-continue-against-isil-terrorists-in-syria-and-i
June 13: Military Airstrikes Continue Against ISIL Terrorists in Syria and Iraq,http://www.centcom.mil/en/news/articles/june-13-military-airstrikes-continue-against-isil-terrorists-in-syria-and-i
June 12: Military Airstrikes Continue Against ISIL Terrorists in Syria and Iraq,http://www.centcom.mil/en/news/articles/june-12-military-airstrikes-continue-against-isil-terrorists-in-syria-and-i
June 11: Military Airstrikes Continue Against ISIL Terrorists in Syria and Iraq,http://www.centcom.mil/en/news/articles/june-11-military-airstrikes-continue-against-isil-terrorists-in-syria-and-i
June 10: Military Airstrikes Continue Against ISIL Terrorists in Syria and Iraq,http://www.centcom.mil/en/news/articles/june-10-military-airstrikes-continue-against-isil-terrorists-in-syria-and-i
June 9: Military Airstrikes Continue Against ISIL Terrorists in Syria and Iraq,http://www.centcom.mil/en/news/articles/june-9-military-airstrikes-continue-against-isil-terrorists-in-syria-and-ir
June 8: Military Airstrikes Continue Against ISIL Terrorists in Syria and Iraq,http://www.centcom.mil/en/news/articles/june-8-military-airstrikes-continue-against-isil-terrorists-in-syria-and-ir
June 7: Military Airstrikes Continue Against ISIL Terrorists in Syria and Iraq,http://www.centcom.mil/en/news/articles/june-7-military-airstrikes-continue-against-isil-terrorists-in-syria-and-ir
June 6: Military Airstrikes Continue Against ISIL Terrorists in Syria and Iraq,http://www.centcom.mil/en/news/articles/june-6-military-airstrikes-continue-against-isil-terrorists-in-syria-and-ir
June 5: Military Airstrikes Continue Against ISIL Terrorists in Syria and Iraq,http://www.centcom.mil/en/news/articles/june-5-military-airstrikes-continue-against-isil-terrorists-in-syria-and-ir
June 4: Military Airstrikes Continue Against ISIL Terrorists in Syria and Iraq,http://www.centcom.mil/en/news/articles/june-4-military-airstrikes-continue-against-isil-terrorists-in-syria-and-ir
June 3: Military Airstrikes Continue Against ISIL Terrorists in Syria and Iraq,http://www.centcom.mil/en/news/articles/june-3-military-airstrikes-continue-against-isil-terrorists-in-syria-and-ir
June 2: Military Airstrikes Continue Against ISIL Terrorists in Syria and Iraq,http://www.centcom.mil/en/news/articles/june-2-military-airstrikes-continue-against-isil-terrorists-in-syria-and-ir
June 1: Military Airstrikes Continue Against ISIL Terrorists in Syria and Iraq,http://www.centcom.mil/en/news/articles/june-1-military-airstrikes-continue-against-isil-terrorists-in-syria-and-ir
May 31: Military Airstrikes Continue Against ISIL Terrorists in Syria and Iraq,http://www.centcom.mil/en/news/articles/may-31-military-airstrikes-continue-against-isil-terrorists-in-syria-and-ir
May 30: Military Airstrikes Continue Against ISIL Terrorists in Syria and Iraq,http://www.centcom.mil/en/news/articles/may-30-military-airstrikes-continue-against-isil-terrorists-in-syria-and-ir
May 29: Military Airstrikes Continue Against ISIL Terrorists in Syria and Iraq,http://www.centcom.mil/en/news/articles/may-29-military-airstrikes-continue-against-isil-terrorists-in-syria-and-ir
May 28: Military Airstrikes Continue Against ISIL Terrorists in Syria and Iraq,http://www.centcom.mil/en/news/articles/may-28-military-airstrikes-continue-against-isil-terrorists-in-syria-and-ir
May 26: Military Airstrikes Continue Against ISIL Terrorists in Syria and Iraq,http://www.centcom.mil/en/news/articles/may-26-military-airstrikes-continue-against-isil-terrorists-in-syria-and-ir
May 25: Military Airstrikes Continue Against ISIL Terrorists in Syria and Iraq,http://www.centcom.mil/en/news/articles/may-25-military-airstrikes-continue-against-isil-terrorists-in-syria-and-ir
May 24: Military Airstrikes Continue Against ISIL Terrorists in Syria and Iraq,http://www.centcom.mil/en/news/articles/may-24-military-airstrikes-continue-against-isil-terrorists-in-syria-and-ir
May 22: Military Airstrikes Continue Against ISIL Terrorists in Syria and Iraq,http://www.centcom.mil/en/news/articles/may-22-military-airstrikes-continue-against-isil-terrorists-in-syria-and-ir
May 21: Military Airstrikes Continue Against ISIL Terrorists in Syria and Iraq,http://www.centcom.mil/en/news/articles/may-21-military-airstrikes-continue-against-isil-terrorists-in-syria-and-ir
May 20: Military Airstrikes Continue Against ISIL Terrorists in Syria and Iraq,http://www.centcom.mil/en/news/articles/may-20-military-airstrikes-continue-against-isil-terrorists-in-syria-and-ir
May 19: Military Airstrikes Continue Against ISIL Terrorists in Syria and Iraq,http://www.centcom.mil/en/news/articles/may-19-military-airstrikes-continue-against-isil-terrorists-in-syria-and-ir
May 18: Military Airstrikes Continue Against ISIL Terrorists in Syria and Iraq,http://www.centcom.mil/en/news/articles/may-18-military-airstrikes-continue-against-isil-terrorists-in-syria-and-ir
May 17: Military Airstrikes Continue Against ISIL Terrorists in Syria and Iraq,http://www.centcom.mil/en/news/articles/may-17-military-airstrikes-continue-against-isil-terrorists-in-syria-and-ir
May 16: Military Airstrikes Continue Against ISIL Terrorists in Syria and Iraq,http://www.centcom.mil/en/news/articles/may-16-military-airstrikes-continue-against-isil-terrorists-in-syria-and-ir
May 15: Military Airstrikes Continue Against ISIL Terrorists in Syria and Iraq,http://www.centcom.mil/en/news/articles/may-15-military-airstrikes-continue-against-isil-terrorists-in-syria-and-ir
May 14: Military Airstrikes Continue Against ISIL Terrorists in Syria and Iraq,http://www.centcom.mil/en/news/articles/may-14-military-airstrikes-continue-against-isil-terrorists-in-syria-and-ir
May 13: Military Airstrikes Continue Against ISIL Terrorists in Syria and Iraq,http://www.centcom.mil/en/news/articles/may-13-military-airstrikes-continue-against-isil-terrorists-in-syria-and-ir
May 11: Military Airstrikes Continue Against ISIL in Syria and Iraq,http://www.centcom.mil/en/news/articles/may-11-military-airstrikes-continue-against-isil-in-syria-and-iraq
May 9: Military Airstrikes Continue Against ISIL in Syria and Iraq,http://www.centcom.mil/en/news/articles/may-9-military-airstrikes-continue-against-isil-in-syria-and-iraq
May 8: Military Airstrikes Continue Against ISIL in Syria and Iraq,http://www.centcom.mil/en/news/articles/may-8-military-airstrikes-continue-against-isil-in-syria-and-iraq
May 7: Military Airstrikes Continue Against ISIL in Syria and Iraq,http://www.centcom.mil/en/news/articles/may-7-military-airstrikes-continue-against-isil-in-syria-and-iraq
May 6: Military Airstrikes Continue Against ISIL in Iraq,http://www.centcom.mil/en/news/articles/may-6-military-airstrikes-continue-against-isil-in-iraq
May 5: Military Airstrikes Continue Against ISIL in Syria and Iraq,http://www.centcom.mil/en/news/articles/may-5-military-airstrikes-continue-against-isil-in-syria-and-iraq
May 4: Military Airstrikes Continue Against ISIL in Iraq,http://www.centcom.mil/en/news/articles/may-4-military-airstrikes-continue-against-isil-in-iraq
May 3: Military Airstrikes Continue Against ISIL in Syria and Iraq,http://www.centcom.mil/en/news/articles/may-3-military-airstrikes-continue-against-isil-in-syria-and-iraq
May 2: Military Airstrikes Continue Against ISIL in Syria and Iraq,http://www.centcom.mil/en/news/articles/may-2-military-airstrikes-continue-against-isil-in-syria-and-iraq
May 1: Military Airstrikes Continue Against ISIL in Syria and Iraq,http://www.centcom.mil/en/news/articles/may-1-military-airstrikes-continue-against-isil-in-syria-and-iraq
April 30: Military Airstrikes Continue Against ISIL in Syria and Iraq,http://www.centcom.mil/en/news/articles/april-30-military-airstrikes-continue-against-isil-in-syria-and-iraq
April 29: Military Airstrikes Continue Against ISIL in Syria and Iraq,http://www.centcom.mil/en/news/articles/april-29-military-airstrikes-continue-against-isil-in-syria-and-iraq
April 28: Military Airstrikes Continue Against ISIL in Syria and Iraq,http://www.centcom.mil/en/news/articles/april-28-military-airstrikes-continue-against-isil-in-syria-and-iraq
April 27: Military Airstrikes Continue Against ISIL in Syria and Iraq,http://www.centcom.mil/en/news/articles/april-27-military-airstrikes-continue-against-isil-in-syria-and-iraq
April 26: Military Airstrikes Continue Against ISIL in Syria and Iraq,http://www.centcom.mil/en/news/articles/april-26-military-airstrikes-continue-against-isil-in-syria-and-iraq
April 25: Military Airstrikes Continue Against ISIL in Syria and Iraq,http://www.centcom.mil/en/news/articles/april-25-military-airstrikes-continue-against-isil-in-syria-and-iraq
April 24: Military Airstrikes Continue Against ISIL in Syria and Iraq,http://www.centcom.mil/en/news/articles/april-24-military-airstrikes-continue-against-isil-in-syria-and-iraq
April 23: Military Airstrikes Continue Against ISIL in Syria and Iraq,http://www.centcom.mil/en/news/articles/april-23-military-airstrikes-continue-against-isil-in-syria-and-iraq
April 22: Military Airstrikes Continue Against ISIL in Syria and Iraq,http://www.centcom.mil/en/news/articles/april-22-military-airstrikes-continue-against-isil-in-syria-and-iraq
April 20: Military Airstrikes Continue Against ISIL in Syria and Iraq,http://www.centcom.mil/en/news/articles/april-20-military-airstrikes-continue-against-isil-in-syria-and-iraq
April 19: Military Airstrikes Continue Against ISIL in Syria and Iraq,http://www.centcom.mil/en/news/articles/april-19-military-airstrikes-continue-against-isil-in-syria-and-iraq
April 18: Military Airstrikes Continue Against ISIL in Syria and Iraq,http://www.centcom.mil/en/news/articles/april-18-military-airstrikes-continue-against-isil-in-syria-and-iraq
April 17: Military Airstrikes Continue Against ISIL in Syria and Iraq,http://www.centcom.mil/en/news/articles/april-17-military-airstrikes-continue-against-isil-in-syria-and-iraq
April 15: Military Airstrikes Continue Against ISIL in Syria and Iraq,http://www.centcom.mil/en/news/articles/april-15-military-airstrikes-continue-against-isil-in-syria-and-iraq
April 13: Military Airstrikes Continue Against ISIL in Syria and Iraq,http://www.centcom.mil/en/news/articles/april-13-military-airstrikes-continue-against-isil-in-syria-and-iraq
April 12: Military Airstrikes Continue Against ISIL in Syria and Iraq,http://www.centcom.mil/en/news/articles/april-12-military-airstrikes-continue-against-isil-in-syria-and-iraq
April 11: Military Airstrikes Continue Against ISIL in Syria and Iraq,http://www.centcom.mil/en/news/articles/april-11-military-airstrikes-continue-against-isil-in-syria-and-iraq
April 10: Military Airstrikes Continue Against ISIL in Syria and Iraq,http://www.centcom.mil/en/news/articles/april-10-military-airstrikes-continue-against-isil-in-syria-and-iraq
April 9: Military Airstrikes Continue Against ISIL in Syria and Iraq,http://www.centcom.mil/en/news/articles/april-9-military-airstrikes-continue-against-isil-in-syria-and-iraq
April 8: Military Airstrikes Continue Against ISIL in Syria and Iraq,http://www.centcom.mil/en/news/articles/april-8-military-airstrikes-continue-against-isil-in-syria-and-iraq
April 7: Military Airstrikes Continue Against ISIL in Syria and Iraq,http://www.centcom.mil/en/news/articles/april-7-military-airstrikes-continue-against-isil-in-syria-and-iraq
April 6: Military Airstrikes Continue Against ISIL in Syria and Iraq,http://www.centcom.mil/en/news/articles/april-6-military-airstrikes-continue-against-isil-in-syria-and-iraq
April 5: Military Airstrikes Continue Against ISIL in Syria and Iraq,http://www.centcom.mil/en/news/articles/april-5-military-airstrikes-continue-against-isil-in-syria-and-iraq
April 4: Military Airstrikes Continue Against ISIL in Syria and Iraq,http://www.centcom.mil/en/news/articles/april-4-military-airstrikes-continue-against-isil-in-syria-and-iraq
April 3: Military Airstrikes Continue Against ISIL in Syria and Iraq,http://www.centcom.mil/en/news/articles/military-airstrikes-continue-against-isil-in-syria-and-iraq
April 2: Military Airstrikes Continue Against ISIL in Syria and Iraq,http://www.centcom.mil/en/news/articles/apr.-2-military-airstrikes-continue-against-isil-in-syria-and-iraq
April 1: Military Airstrikes Continue Against ISIL in Syria and Iraq,http://www.centcom.mil/en/news/articles/april-1-military-airstrikes-continue-against-isil-in-syria-and-iraq
March 31: Military Airstrikes Continue Against ISIL in Syria and Iraq,http://www.centcom.mil/en/news/articles/march-31-military-airstrikes-continue-against-isil-in-syria-and-iraq
March 30: Military Airstrikes Continue Against ISIL in Iraq,http://www.centcom.mil/en/news/articles/march-30-military-airstrikes-continue-against-isil-in-iraq
March 29: Military Airstrikes Continue Against ISIL in Syria and Iraq,http://www.centcom.mil/en/news/articles/march-29-military-airstrikes-continue-against-isil-in-syria-and-iraq
March 28: Military Airstrikes Continue Against ISIL in Syria and Iraq,http://www.centcom.mil/en/news/articles/march-28-military-airstrikes-continue-against-isil-in-syria-and-iraq
March 27: Military Airstrikes Continue Against ISIL in Syria and Iraq,http://www.centcom.mil/en/news/articles/march-27-military-airstrikes-continue-against-isil-in-syria-and-iraq
March 26: Military Airstrikes Continue Against ISIL in Syria and Iraq,http://www.centcom.mil/en/news/articles/march-26-military-airstrikes-continue-against-isil-in-syria-and-iraq
March 25: Military Airstrikes Continue Against ISIL in Syria and Iraq,http://www.centcom.mil/en/news/articles/march-25-military-airstrikes-continue-against-isil-in-syria-and-iraq
March 24: Military Airstrikes Continue Against ISIL in Syria and Iraq,http://www.centcom.mil/en/news/articles/march-24-military-airstrikes-continue-against-isil-in-syria-and-iraq
March 23: Military Airstrikes Continue Against ISIL in Syria and Iraq,http://www.centcom.mil/en/news/articles/march-23-military-airstrikes-continue-against-isil-in-syria-and-iraq
March 22: Military Airstrikes Continue Against ISIL in Syria and Iraq,http://www.centcom.mil/en/news/articles/march-22-military-airstrikes-continue-against-isil-in-syria-and-iraq
March 21: Military Airstrikes Continue Against ISIL in Syria and Iraq,http://www.centcom.mil/en/news/articles/march-21-military-airstrikes-continue-against-isil-in-syria-and-iraq
Mar. 20: Military Airstrikes Continue Against ISIL in Syria and Iraq,http://www.centcom.mil/en/news/articles/mar.-20-military-airstrikes-continue-against-isil-in-syria-and-iraq
March 19: Military Airstrikes Continue Against ISIL in Syria and Iraq,http://www.centcom.mil/en/news/articles/march-19-military-airstrikes-continue-against-isil-in-syria-and-iraq
March 18: Military Airstrikes Continue Against ISIL in Syria and Iraq,http://www.centcom.mil/en/news/articles/march-18-military-airstrikes-continue-against-isil-in-syria-and-iraq
March 17: Military Airstrikes Continue Against ISIL in Syria and Iraq,http://www.centcom.mil/en/news/articles/march-17-military-airstrikes-continue-against-isil-in-syria-and-iraq
March 16: Military Airstrikes Continue Against ISIL in Syria and Iraq,http://www.centcom.mil/en/news/articles/march-16-military-airstrikes-continue-against-isil-in-syria-and-iraq
Mar. 15: Military Airstrikes Continue Against ISIL in Syria and Iraq,http://www.centcom.mil/en/news/articles/mar.-15-military-airstrikes-continue-against-isil-in-syria-and-iraq
Mar. 14: Military Airstrikes Continue Against ISIL in Syria and Iraq,http://www.centcom.mil/en/news/articles/mar.-14-military-airstrikes-continue-against-isil-in-syria-and-iraq
Mar. 13: Military Airstrikes Continue Against ISIL in Syria and Iraq,http://www.centcom.mil/en/news/articles/mar.-13-military-airstrikes-continue-against-isil-in-syria-and-iraq
Mar. 12: Military Airstrikes Continue Against ISIL in Iraq,http://www.centcom.mil/en/news/articles/mar.-12-military-airstrikes-continue-against-isil-in-iraq
Mar. 11: Military Airstrikes Continue Against ISIL in Syria and Iraq,http://www.centcom.mil/en/news/articles/mar.-11-military-airstrikes-continue-against-isil-in-syria-and-iraq
March 10: Military Airstrikes Continue Against ISIL in Syria and Iraq,http://www.centcom.mil/en/news/articles/march-10-military-airstrikes-continue-against-isil-in-syria-and-iraq
March 9: Military Airstrikes Continue Against ISIL in Syria and Iraq,http://www.centcom.mil/en/news/articles/march-9-military-airstrikes-continue-against-isil-in-syria-and-iraq
March 8: Military Airstrikes Continue Against ISIL in Syria and Iraq,http://www.centcom.mil/en/news/articles/march-8-military-airstrikes-continue-against-isil-in-syria-and-iraq
March 7: Military Airstrikes Continue Against ISIL in Syria and Iraq,http://www.centcom.mil/en/news/articles/march-7-military-airstrikes-continue-against-isil-in-syria-and-iraq
March 6: Military Airstrikes Continue Against ISIL in Syria and Iraq,http://www.centcom.mil/en/news/articles/march-6-military-airstrikes-continue-against-isil-in-syria-and-iraq
March 5: Military Airstrikes Continue Against ISIL in Syria and Iraq,http://www.centcom.mil/en/news/articles/march-5-military-airstrikes-continue-against-isil-in-syria-and-iraq
March 4: Military Airstrikes Continue Against ISIL in Syria and Iraq,http://www.centcom.mil/en/news/articles/march-4-military-airstrikes-continue-against-isil-in-syria-and-iraq
March 3: Military Airstrikes Continue Against ISIL in Syria and Iraq,http://www.centcom.mil/en/news/articles/march-3-military-airstrikes-continue-against-isil-in-syria-and-iraq
Mar. 1: Military Airstrikes Continue Against ISIL in Syria and Iraq,http://www.centcom.mil/en/news/articles/mar.-1-military-airstrikes-continue-against-isil-in-syria-and-iraq
Feb. 28: Military Airstrikes Continue Against ISIL in Syria and Iraq,http://www.centcom.mil/en/news/articles/feb.-28-military-airstrikes-continue-against-isil-in-syria-and-iraq
Feb. 27: Military Airstrikes Continue Against ISIL in Syria and Iraq,http://www.centcom.mil/en/news/articles/feb.-27-military-airstrikes-continue-against-isil-in-syria-and-iraq
Feb. 26: Military Airstrikes Continue Against ISIL in Syria and Iraq,http://www.centcom.mil/en/news/articles/feb.-26-military-airstrikes-continue-against-isil-in-syria-and-iraq
Feb. 25: Military Airstrikes Continue Against ISIL in Syria and Iraq,http://www.centcom.mil/en/news/articles/feb.-25-military-airstrikes-continue-against-isil-in-syria-and-iraq
Feb. 24: Military Airstrikes Continue Against ISIL in Syria and Iraq,http://www.centcom.mil/en/news/articles/feb.-24-military-airstrikes-continue-against-isil-in-syria-and-iraq
Feb. 23: Military Airstrikes Continue Against ISIL in Syria and Iraq,http://www.centcom.mil/en/news/articles/feb.-23-military-airstrikes-continue-against-isil-in-syria-and-iraq
Feb 22: Military Airstrikes Continue Against ISIL in Syria and Iraq,http://www.centcom.mil/en/news/articles/feb-22-military-airstrikes-continue-against-isil-in-syria-and-iraq
Feb. 21: Military Airstrikes Continue Against ISIL in Syria and Iraq,http://www.centcom.mil/en/news/articles/feb.-21-military-airstrikes-continue-against-isil-in-syria-and-iraq
Feb. 20: Military Airstrikes Continue Against ISIL in Syria and Iraq,http://www.centcom.mil/en/news/articles/feb.-20-military-airstrikes-continue-against-isil-in-syria-and-iraq
Feb. 19: Military Airstrikes Continue Against ISIL in Syria and Iraq,http://www.centcom.mil/en/news/articles/feb.-19-military-airstrikes-continue-against-isil-in-syria-and-iraq
Feb. 18: Military Airstrikes Continue Against ISIL in Syria and Iraq,http://www.centcom.mil/en/news/articles/feb.-18-military-airstrikes-continue-against-isil-in-syria-and-iraq
Feb. 17: Military Airstrikes Continue Against ISIL in Syria and Iraq,http://www.centcom.mil/en/news/articles/feb.-17-military-airstrikes-continue-against-isil-in-syria-and-iraq
Feb. 16: Military Airstrikes Continue Against ISIL in Syria and Iraq,http://www.centcom.mil/en/news/articles/feb.-16-military-airstrikes-continue-against-isil-in-syria-and-iraq
Feb. 15: Military Airstrikes Continue Against ISIL in Syria and Iraq,http://www.centcom.mil/en/news/articles/feb.-15-military-airstrikes-continue-against-isil-in-syria-and-iraq
Feb. 14: Military Airstrikes Continue Against ISIL in Syria and Iraq,http://www.centcom.mil/en/news/articles/feb.-14-military-airstrikes-continue-against-isil-in-syria-and-iraq
Feb. 13: Military Airstrikes Continue Against ISIL in Syria and Iraq,http://www.centcom.mil/en/news/articles/feb.-13-military-airstrikes-continue-against-isil-in-syria-and-iraq
Feb. 12: Military Airstrikes Continue Against ISIL in Syria and Iraq,http://www.centcom.mil/en/news/articles/feb.-12-military-airstrikes-continue-against-isil-in-syria-and-iraq
Feb. 11: Military Airstrikes Continue Against ISIL in Syria and Iraq,http://www.centcom.mil/en/news/articles/feb.-11-military-airstrikes-continue-against-isil-in-syria-and-iraq
Feb. 12: Military Airstrikes Continue Against ISIL in Syria and Iraq,http://www.centcom.mil/en/news/articles/feb.-12-military-airstrikes-continue-against-isil-in-syria-and-iraq
Feb. 11: Military Airstrikes Continue Against ISIL in Syria and Iraq,http://www.centcom.mil/en/news/articles/feb.-11-military-airstrikes-continue-against-isil-in-syria-and-iraq
Feb. 10: Military Airstrikes Continue Against ISIL in Syria and Iraq,http://www.centcom.mil/en/news/articles/feb.-10-military-airstrikes-continue-against-isil-in-syria-and-iraq
Feb. 9: Military Airstrikes Continue Against ISIL in Syria and Iraq,http://www.centcom.mil/en/news/articles/feb.-9-military-airstrikes-continue-against-isil-in-syria-and-iraq
Feb. 7: Military Airstrikes Continue Against ISIL in Syria and Iraq,http://www.centcom.mil/en/news/articles/feb.-7-military-airstrikes-continue-against-isil-in-syria-and-iraq
Feb. 6: Military Airstrikes Continue Against ISIL in Syria and Iraq,http://www.centcom.mil/en/news/articles/feb.-6-military-airstrikes-continue-against-isil-in-syria-and-iraq
Feb. 5: Military Airstrikes Continue Against ISIL in Syria and Iraq,http://www.centcom.mil/en/news/articles/feb.-5-military-airstrikes-continue-against-isil-in-syria-and-iraq
Feb. 4: Military Airstrikes Continue Against ISIL in Syria and Iraq,http://www.centcom.mil/en/news/articles/feb.-4-military-airstrikes-continue-against-isil-in-syria-and-iraq
Feb. 3: Military Airstrikes Continue Against ISIL in Syria and Iraq,http://www.centcom.mil/en/news/articles/feb.-3-military-airstrikes-continue-against-isil-in-syria-and-iraq
Feb. 2: Military Airstrikes Continue Against ISIL in Syria and Iraq,http://www.centcom.mil/en/news/articles/feb.-2-military-airstrikes-continue-against-isil-in-syria-and-iraq
Feb. 3: Military Airstrikes Continue Against ISIL in Syria and Iraq,http://www.centcom.mil/en/news/articles/feb.-3-military-airstrikes-continue-against-isil-in-syria-and-iraq
Feb. 2: Military Airstrikes Continue Against ISIL in Syria and Iraq,http://www.centcom.mil/en/news/articles/feb.-2-military-airstrikes-continue-against-isil-in-syria-and-iraq
Feb. 1: Military Airstrikes Continue Against ISIL in Syria and Iraq,http://www.centcom.mil/en/news/articles/feb.-1-military-airstrikes-continue-against-isil-in-syria-and-iraq
Jan. 31: Military Airstrikes Continue Against ISIL in Syria and Iraq,http://www.centcom.mil/en/news/articles/jan.-31-military-airstrikes-continue-against-isil-in-syria-and-iraq
Jan. 30: Military Airstrikes Continue Against ISIL in Syria and Iraq,http://www.centcom.mil/en/news/articles/jan.-30-military-airstrikes-continue-against-isil-in-syria-and-iraq
Jan. 29: Military Airstrikes Continue Against ISIL in Syria and Iraq,http://www.centcom.mil/en/news/articles/jan.-29-military-airstrikes-continue-against-isil-in-syria-and-iraq
Jan. 28: Military Airstrikes Continue Against ISIL in Syria and Iraq,http://www.centcom.mil/en/news/articles/jan.-28-military-airstrikes-continue-against-isil-in-syria-and-iraq
Jan. 26: Military Airstrikes Continue Against ISIL in Syria and Iraq,http://www.centcom.mil/en/news/articles/jan.-26-military-airstrikes-continue-against-isil-in-syria-and-iraq
Jan. 24: Military Airstrikes Continue Against ISIL in Syria and Iraq,http://www.centcom.mil/en/news/articles/jan.-24-military-airstrikes-continue-against-isil-in-syria-and-iraq
Jan. 23: Military Airstrikes Continue Against ISIL in Syria and Iraq,http://www.centcom.mil/en/news/articles/jan.-23-military-airstrikes-continue-against-isil-in-syria-and-iraq
Jan. 22: Military Airstrikes Continue Against ISIL in Syria and Iraq,http://www.centcom.mil/en/news/articles/jan.-22-military-airstrikes-continue-against-isil-in-syria-and-iraq
Jan. 21: Military Airstrikes Continue Against ISIL in Syria and Iraq,http://www.centcom.mil/en/news/articles/jan.-21-military-airstrikes-continue-against-isil-in-syria-and-iraq
Jan. 20: Military Airstrikes Continue Against ISIL in Syria and Iraq,http://www.centcom.mil/en/news/articles/jan.-20-military-airstrikes-continue-against-isil-in-syria-and-iraq
Jan. 19: Military Airstrikes Continue Against ISIL in Syria and Iraq,http://www.centcom.mil/en/news/articles/jan.-19-military-airstrikes-continue-against-isil-in-syria-and-iraq
Jan. 17: Military Airstrikes Continue Against ISIL in Syria and Iraq,http://www.centcom.mil/en/news/articles/jan.-17-military-airstrikes-continue-against-isil-in-syria-and-iraq
Jan. 16: Military Airstrikes Continue Against ISIL in Syria and Iraq,http://www.centcom.mil/en/news/articles/jan.-16-military-airstrikes-continue-against-isil-in-syria-and-iraq
Jan. 15: Military Airstrikes Continue Against ISIL in Syria and Iraq,http://www.centcom.mil/en/news/articles/jan.-15-military-airstrikes-continue-against-isil-in-syria-and-iraq
Jan. 14: Military Airstrikes Continue Against ISIL in Syria and Iraq,http://www.centcom.mil/en/news/articles/jan.-14-military-airstrikes-continue-against-isil-in-syria-and-iraq
Jan. 13: Military Airstrikes Continue Against ISIL in Syria and Iraq,http://www.centcom.mil/en/news/articles/jan.-13-military-airstrikes-continue-against-isil-in-syria-and-iraq
Jan. 12: Military Airstrikes Continue Against ISIL in Syria and Iraq,http://www.centcom.mil/en/news/articles/jan.-12-military-airstrikes-continue-against-isil-in-syria-and-iraq
Jan. 11: Military Airstrikes Continue Against ISIL in Syria and Iraq,http://www.centcom.mil/en/news/articles/jan.-11-military-airstrikes-continue-against-isil-in-syria-and-iraq
Jan. 10: Military Airstrikes Continue Against ISIL in Syria and Iraq,http://www.centcom.mil/en/news/articles/jan.-10-military-airstrikes-continue-against-isil-in-syria-and-iraq
Jan. 9: Military Airstrikes Continue Against ISIL in Syria and Iraq,http://www.centcom.mil/en/news/articles/jan.-9-military-airstrikes-continue-against-isil-in-syria-and-iraq
Jan. 8: Military Airstrikes Continue Against ISIL in Syria and Iraq,http://www.centcom.mil/en/news/articles/jan.-8-military-airstrikes-continue-against-isil-in-syria-and-iraq
Jan. 6: Military Airstrikes Continue Against ISIL in Syria and Iraq,http://www.centcom.mil/en/news/articles/jan.-6-military-airstrikes-continue-against-isil-in-syria-and-iraq
Jan. 5: Military Airstrikes Continue Against ISIL in Syria and Iraq,http://www.centcom.mil/en/news/articles/jan.-5-military-airstrikes-continue-against-isil-in-syria-and-iraq
Jan. 4: Military Airstrikes Continue Against ISIL in Syria and Iraq,http://www.centcom.mil/en/news/articles/jan.-4-military-airstrikes-continue-against-isil-in-syria-and-iraq
Jan. 2: Military Airstrikes Continue Against ISIL in Syria and Iraq,http://www.centcom.mil/en/news/articles/jan.-2-military-airstrikes-continue-against-isil-in-syria-and-iraq
Jan. 1: Military Airstrikes Continue Against ISIL in Syria and Iraq,http://www.centcom.mil/en/news/articles/jan.-1-military-airstrikes-continue-against-isil-in-syria-and-iraq
Dec. 31: Military Airstrikes Continue Against ISIL in Syria and Iraq,http://www.centcom.mil/en/news/articles/dec.-31-military-airstrikes-continue-against-isil-in-syria-and-iraq
Dec. 30: Military Airstrikes Continue Against ISIL in Syria and Iraq,http://www.centcom.mil/en/news/articles/dec.-30-military-airstrikes-continue-against-isil-in-syria-and-iraq
Dec. 31: Military Airstrikes Continue Against ISIL in Syria and Iraq,http://www.centcom.mil/en/news/articles/dec.-31-military-airstrikes-continue-against-isil-in-syria-and-iraq
Dec. 30: Military Airstrikes Continue Against ISIL in Syria and Iraq,http://www.centcom.mil/en/news/articles/dec.-30-military-airstrikes-continue-against-isil-in-syria-and-iraq
Dec. 29: Military Airstrikes Continue Against ISIL in Syria and Iraq,http://www.centcom.mil/en/news/articles/dec.-29-military-airstrikes-continue-against-isil-in-syria-and-iraq
Dec. 28: Military Airstrikes Continue Against ISIL in Syria and Iraq,http://www.centcom.mil/en/news/articles/dec.-28-military-airstrikes-continue-against-isil-in-syria-and-iraq
Dec. 27: Military Airstrikes Continue Against ISIL in Syria and Iraq,http://www.centcom.mil/en/news/articles/dec.-27-military-airstrikes-continue-against-isil-in-syria-and-iraq
Dec. 26: Military Airstrikes Continue Against ISIL in Syria and Iraq,http://www.centcom.mil/en/news/articles/dec.-26-military-airstrikes-continue-against-isil-in-syria-and-iraq
Dec. 25: Military Airstrikes Continue Against ISIL in Syria and Iraq,http://www.centcom.mil/en/news/articles/dec.-25-military-airstrikes-continue-against-isil-in-syria-and-iraq
Dec. 24: Military Airstrikes Continue Against ISIL in Syria and Iraq,http://www.centcom.mil/en/news/articles/dec.-24-military-airstrikes-continue-against-isil-in-syria-and-iraq
Dec. 23: Military Airstrikes Continue Against ISIL in Syria and Iraq,http://www.centcom.mil/en/news/articles/dec.-23-military-airstrikes-continue-against-isil-in-syria-and-iraq
Dec. 22: Military Airstrikes Continue Against ISIL in Syria and Iraq,http://www.centcom.mil/en/news/articles/dec.-22-military-airstrikes-continue-against-isil-in-syria-and-iraq
Dec. 21: Military Airstrikes Continue Against ISIL in Syria and Iraq,http://www.centcom.mil/en/news/articles/dec.-21-military-airstrikes-continue-against-isil-in-syria-and-iraq
Dec. 20: Military Airstrikes Continue Against ISIL in Syria and Iraq,http://www.centcom.mil/en/news/articles/dec.-20-military-airstrikes-continue-against-isil-in-syria-and-iraq
Dec. 19: Military Airstrikes Continue Against ISIL in Syria and Iraq,http://www.centcom.mil/en/news/articles/dec.-19-military-airstrikes-continue-against-isil-in-syria-and-iraq
Dec. 18: Military Airstrikes Continue Against ISIL in Syria and Iraq,http://www.centcom.mil/en/news/articles/dec.-18-military-airstrikes-continue-against-isil-in-syria-and-iraq
Dec. 17: Military Airstrikes Continue Against ISIL in Syria and Iraq,http://www.centcom.mil/en/news/articles/dec.-17-military-airstrikes-continue-against-isil-in-syria-and-iraq
Dec. 18: Military Airstrikes Continue Against ISIL in Syria and Iraq,http://www.centcom.mil/en/news/articles/dec.-18-military-airstrikes-continue-against-isil-in-syria-and-iraq
